{
	"miniprogramRoot": "miniprogram/",
	"cloudfunctionRoot": "cloudfunctions/",
	"setting": {
		"urlCheck": true,
		"es6": true,
		"postcss": true,
		"minified": true,
		"newFeature": true
	},
	"appid": "wxee886331ece30178",
	"projectname": "%E7%A4%BE%E5%8C%BA%E8%A1%A8%E7%99%BD%E5%A2%99",
	"libVersion": "2.2.5",
	"simulatorType": "wechat",
	"simulatorPluginLibVersion": {},
	"condition": {
		"search": {
			"current": -1,
			"list": []
		},
		"conversation": {
			"current": -1,
			"list": []
		},
		"plugin": {
			"current": -1,
			"list": []
		},
		"game": {
			"list": []
		},
		"miniprogram": {
			"current": 7,
			"list": [
				{
					"id": -1,
					"name": "db guide",
					"pathName": "pages/databaseGuide/databaseGuide",
					"query": ""
				},
				{
					"id": -1,
					"name": "我的",
					"pathName": "pages/me/me",
					"query": "",
					"scene": null
				},
				{
					"id": -1,
					"name": "pages/home/home",
					"pathName": "pages/home/home",
					"query": "",
					"scene": null
				},
				{
					"id": -1,
					"name": "pages/me/me",
					"pathName": "pages/me/me",
					"query": "",
					"scene": null
				},
				{
					"id": -1,
					"name": "pages/question/question",
					"pathName": "pages/question/question",
					"query": "",
					"scene": null
				},
				{
					"id": -1,
					"name": "pages/me/me",
					"pathName": "pages/me/me",
					"query": "",
					"scene": null
				},
				{
					"id": -1,
					"name": "pages/me/me",
					"pathName": "pages/me/me",
					"query": "",
					"scene": null
				},
				{
					"id": -1,
					"name": "pages/home/home",
					"pathName": "pages/home/home",
					"scene": null
				}
			]
		}
	}
}